{
  "version": 1,
  "author": "Uri Shaked",
  "editor": "wokwi",
  "parts": [
    { "type": "wokwi-breadboard-mini", "id": "bb1", "top": 94.6, "left": 180, "attrs": {} },
    { "type": "wokwi-breadboard-mini", "id": "bb2", "top": -385.4, "left": -69.6, "attrs": {} },
    { "type": "wokwi-breadboard-mini", "id": "bb3", "top": 113.8, "left": -348, "attrs": {} },
    { "type": "wokwi-breadboard-mini", "id": "bb4", "top": -356.6, "left": -376.8, "attrs": {} },
    { "type": "board-esp32-devkit-c-v4", "id": "esp", "top": -67.2, "left": -33.56, "attrs": {} },
    { "type": "wokwi-dht22", "id": "dht1", "top": 57.9, "left": 244.2, "attrs": {} },
    { "type": "wokwi-hc-sr04", "id": "ultrasonic1", "top": -392.1, "left": -61.7, "attrs": {} },
    {
      "type": "wokwi-resistor",
      "id": "r1",
      "top": -255.25,
      "left": -278.4,
      "attrs": { "value": "10000" }
    },
    { "type": "wokwi-pir-motion-sensor", "id": "pir1", "top": 52, "left": -304.98, "attrs": {} },
    {
      "type": "wokwi-photoresistor-sensor",
      "id": "ldr1",
      "top": -352,
      "left": -431.2,
      "attrs": {}
    }
  ],
  "connections": [
    [ "esp:TX", "$serialMonitor:RX", "", [] ],
    [ "esp:RX", "$serialMonitor:TX", "", [] ],
    [ "ultrasonic1:VCC", "bb2:8b.g", "", [ "$bb" ] ],
    [ "ultrasonic1:TRIG", "bb2:9b.g", "", [ "$bb" ] ],
    [ "ultrasonic1:ECHO", "bb2:10b.g", "", [ "$bb" ] ],
    [ "ultrasonic1:GND", "bb2:11b.g", "", [ "$bb" ] ],
    [ "r1:1", "bb4:10b.i", "", [ "$bb" ] ],
    [ "r1:2", "bb4:16b.i", "", [ "$bb" ] ],
    [ "pir1:VCC", "bb3:8t.c", "", [ "$bb" ] ],
    [ "pir1:OUT", "bb3:9t.c", "", [ "$bb" ] ],
    [ "pir1:GND", "bb3:10t.c", "", [ "$bb" ] ],
    [ "ldr1:VCC", "bb4:12t.b", "", [ "$bb" ] ],
    [ "ldr1:GND", "bb4:12t.c", "", [ "$bb" ] ],
    [ "ldr1:DO", "bb4:12t.d", "", [ "$bb" ] ],
    [ "ldr1:AO", "bb4:12t.e", "", [ "$bb" ] ],
    [ "dht1:GND", "esp:GND.2", "black", [ "v0" ] ],
    [ "esp:GND.2", "bb2:11b.j", "black", [ "v0" ] ],
    [ "ultrasonic1:GND", "bb2:11b.j", "black", [ "v0" ] ],
    [ "ldr1:GND", "bb4:1b.f", "black", [ "h0" ] ],
    [ "bb4:1b.f", "esp:GND.2", "black", [ "v115.2", "h432" ] ],
    [ "ldr1:VCC", "esp:3V3", "red", [ "h-57.6", "v288" ] ],
    [ "esp:3V3", "bb2:7b.j", "red", [ "h38.55" ] ],
    [ "pir1:GND", "esp:GND.1", "black", [ "v0" ] ],
    [ "pir1:VCC", "bb3:8b.g", "red", [ "v0" ] ],
    [ "bb3:8b.g", "bb1:8b.f", "red", [ "v0" ] ],
    [ "dht1:VCC", "bb1:8b.f", "", [ "$bb" ] ],
    [ "dht1:SDA", "bb1:9b.f", "", [ "$bb" ] ],
    [ "dht1:NC", "bb1:10b.f", "", [ "$bb" ] ],
    [ "dht1:GND", "bb1:11b.f", "", [ "$bb" ] ],
    [ "dht1:SDA", "esp:15", "green", [ "v0" ] ],
    [ "esp:13", "r1:1", "green", [ "h0" ] ],
    [ "r1:2", "bb4:17b.i", "green", [ "v0" ] ],
    [ "bb4:17b.i", "ldr1:AO", "green", [ "v0" ] ],
    [ "ultrasonic1:TRIG", "esp:5", "green", [ "v307.2", "h66.8" ] ],
    [ "ultrasonic1:ECHO", "esp:18", "green", [ "v0" ] ]
  ],
  "dependencies": {}
}